first_name,last_name,email,gender,ip_address
Mildred,Hernandez,mhernandez0@github.io,Female,38.194.51.128
Bonnie,Ortiz,bortiz1@cyberchimps.com,Female,197.54.209.129
Dennis,Henry,dhenry2@hubpages.com,Male,155.75.186.217
Justin,Hansen,jhansen3@360.cn,Male,251.166.224.119
Carlos,Garcia,cgarcia4@statcounter.com,Male,57.171.52.110
Ernest,Reid,ereid5@rediff.com,Male,243.219.170.46
Gary,Henderson,ghenderson6@acquirethisname.com,Male,30.97.220.14
Dennis,Henderson,dhenderson7@chicagotribune.com,Male,27.122.100.11
Norma,Allen,nallen8@cnet.com,Female,168.67.162.1
Lillian,Lawrence,llawrence9@blogtalkradio.com,Female,190.106.124.105
Irene,Crawford,icrawforda@tinyurl.com,Female,156.30.64.85
Shirley,Alvarez,salvarezb@wix.com,Female,233.224.134.184
Patricia,Sims,psimsc@twitter.com,Female,235.115.22.151
Deborah,Jones,djonesd@twitpic.com,Female,248.227.60.4
Joyce,Sanchez,jsancheze@ezinearticles.com,Female,246.105.133.101
Joe,Washington,jwashingtonf@jimdo.com,Male,60.176.60.134
Anna,Rivera,ariverag@whitehouse.gov,Female,105.158.80.2
Lori,Elliott,lelliotth@cbc.ca,Female,160.108.154.74
Adam,Murphy,amurphyi@php.net,Male,170.254.122.46
Jennifer,Alvarez,jalvarezj@so-net.ne.jp,Female,134.159.78.11
Wanda,Lewis,wlewisk@woothemes.com,Female,25.32.100.250
Lori,Burns,lburnsl@reference.com,Female,213.155.201.97
Tammy,Hart,thartm@tiny.cc,Female,217.49.26.167